order_id,date,customer_id,region,units,unit_price
O000,2026-01-01,C00,North,1,10
O001,2026-01-01,C01,South,2,20
O002,2026-01-01,C02,East,3,30
O003,2026-01-01,C03,North,4,15
O004,2026-01-02,C04,South,-1,25
O005,2026-01-02,C05,  east ,2,10
O006,2026-01-02,C06,North,3,20
O007,2026-01-02,C07,South,4,
O008,2026-01-03,C08,East,1,15
O009,2026-01-03,C09,North,2,25
O010,not-a-date,C10,South,3,10
O011,2026-01-03,C11,East,4,20
O012,2026-01-04,C00,North,1,30
O013,2026-01-04,C01,South,two,15
O014,2026-01-04,C02,East,3,25
O015,2026-01-04,C03,North,4,10
O016,2026-01-05,C04,,1,20
O017,2026-01-05,C05,East,2,30
O018,2026-01-05,C06,North,3,15
O019,2026-01-05,C07,South,4,25
O020,2026-01-06,C08,  east ,1,10
O021,2026-01-06,C09,North,2,20
O022,2026-01-06,C10,South,3,30
O023,2026-01-06,C11,East,4,15
O024,2026-01-07,C00,North,1,25
O025,2026-01-07,C01,South,2,10
O026,2026-01-07,C02,East,3,20
O027,2026-01-07,C03,North,4,30
O028,2026-01-08,C04,South,1,15
O029,2026-01-08,C05,East,2,25
O030,2026-01-08,C06,North,3,10
O031,2026-01-08,C07,South,4,20
O032,2026-01-09,C08,East,1,30
O033,2026-01-09,C09,North,2,15
O034,2026-01-09,C10,South,3,25
O035,2026-01-09,C11,  east ,4,10
O036,2026-01-10,C00,North,1,20
O037,2026-01-10,C01,South,2,30
O038,2026-01-10,C02,East,3,15
O039,2026-01-10,C03,North,4,25
O040,2026-01-11,C04,South,1,10
O041,2026-01-11,C05,East,2,20
O042,2026-01-11,C06,North,3,30
O043,2026-01-11,C07,South,4,15
O044,2026-01-12,C08,East,1,25
O045,2026-01-12,C09,North,2,10
O046,2026-01-12,C10,South,3,20
O047,2026-01-12,C11,East,4,30
O048,2026-01-13,C00,North,1,15
O049,2026-01-13,C01,South,2,25
O050,2026-01-13,C02,  east ,3,10
O051,2026-01-13,C03,North,4,20
O052,2026-01-14,C04,South,1,30
O053,2026-01-14,C05,East,2,15
O054,2026-01-14,C06,North,3,25
O055,2026-01-14,C07,South,4,10
O056,2026-01-15,C08,East,1,20
O057,2026-01-15,C09,North,2,30
O058,2026-01-15,C10,South,3,15
O059,2026-01-15,C11,East,4,25
O000,2026-01-01,C00,North,1,10
O001,2026-01-01,C01,South,2,20
