order_id,date,customer_id,region,units,unit_price,revenue
O000,2026-01-01,C00,North,1.0,10.0,10.0
O001,2026-01-01,C01,South,2.0,20.0,40.0
O002,2026-01-01,C02,East,3.0,30.0,90.0
O003,2026-01-01,C03,North,4.0,15.0,60.0
O005,2026-01-02,C05,East,2.0,10.0,20.0
O006,2026-01-02,C06,North,3.0,20.0,60.0
O008,2026-01-03,C08,East,1.0,15.0,15.0
O009,2026-01-03,C09,North,2.0,25.0,50.0
O011,2026-01-03,C11,East,4.0,20.0,80.0
O012,2026-01-04,C00,North,1.0,30.0,30.0
O014,2026-01-04,C02,East,3.0,25.0,75.0
O015,2026-01-04,C03,North,4.0,10.0,40.0
O016,2026-01-05,C04,Unknown,1.0,20.0,20.0
O017,2026-01-05,C05,East,2.0,30.0,60.0
O018,2026-01-05,C06,North,3.0,15.0,45.0
O019,2026-01-05,C07,South,4.0,25.0,100.0
O020,2026-01-06,C08,East,1.0,10.0,10.0
O021,2026-01-06,C09,North,2.0,20.0,40.0
O022,2026-01-06,C10,South,3.0,30.0,90.0
O023,2026-01-06,C11,East,4.0,15.0,60.0
O024,2026-01-07,C00,North,1.0,25.0,25.0
O025,2026-01-07,C01,South,2.0,10.0,20.0
O026,2026-01-07,C02,East,3.0,20.0,60.0
O027,2026-01-07,C03,North,4.0,30.0,120.0
O028,2026-01-08,C04,South,1.0,15.0,15.0
O029,2026-01-08,C05,East,2.0,25.0,50.0
O030,2026-01-08,C06,North,3.0,10.0,30.0
O031,2026-01-08,C07,South,4.0,20.0,80.0
O032,2026-01-09,C08,East,1.0,30.0,30.0
O033,2026-01-09,C09,North,2.0,15.0,30.0
O034,2026-01-09,C10,South,3.0,25.0,75.0
O035,2026-01-09,C11,East,4.0,10.0,40.0
O036,2026-01-10,C00,North,1.0,20.0,20.0
O037,2026-01-10,C01,South,2.0,30.0,60.0
O038,2026-01-10,C02,East,3.0,15.0,45.0
O039,2026-01-10,C03,North,4.0,25.0,100.0
O040,2026-01-11,C04,South,1.0,10.0,10.0
O041,2026-01-11,C05,East,2.0,20.0,40.0
O042,2026-01-11,C06,North,3.0,30.0,90.0
O043,2026-01-11,C07,South,4.0,15.0,60.0
O044,2026-01-12,C08,East,1.0,25.0,25.0
O045,2026-01-12,C09,North,2.0,10.0,20.0
O046,2026-01-12,C10,South,3.0,20.0,60.0
O047,2026-01-12,C11,East,4.0,30.0,120.0
O048,2026-01-13,C00,North,1.0,15.0,15.0
O049,2026-01-13,C01,South,2.0,25.0,50.0
O050,2026-01-13,C02,East,3.0,10.0,30.0
O051,2026-01-13,C03,North,4.0,20.0,80.0
O052,2026-01-14,C04,South,1.0,30.0,30.0
O053,2026-01-14,C05,East,2.0,15.0,30.0
O054,2026-01-14,C06,North,3.0,25.0,75.0
O055,2026-01-14,C07,South,4.0,10.0,40.0
O056,2026-01-15,C08,East,1.0,20.0,20.0
O057,2026-01-15,C09,North,2.0,30.0,60.0
O058,2026-01-15,C10,South,3.0,15.0,45.0
O059,2026-01-15,C11,East,4.0,25.0,100.0
